-- phpMyAdmin SQL Dump
-- version 5.2.1
-- https://www.phpmyadmin.net/
--
-- Host: 127.0.0.1
-- 생성 시간: 24-04-30 11:24
-- 서버 버전: 10.4.32-MariaDB
-- PHP 버전: 8.2.12

SET SQL_MODE = "NO_AUTO_VALUE_ON_ZERO";
START TRANSACTION;
SET time_zone = "+00:00";


/*!40101 SET @OLD_CHARACTER_SET_CLIENT=@@CHARACTER_SET_CLIENT */;
/*!40101 SET @OLD_CHARACTER_SET_RESULTS=@@CHARACTER_SET_RESULTS */;
/*!40101 SET @OLD_COLLATION_CONNECTION=@@COLLATION_CONNECTION */;
/*!40101 SET NAMES utf8mb4 */;

--
-- 데이터베이스: `worldhello`
--

-- --------------------------------------------------------

--
-- 테이블 구조 `admins`
--

--
-- 테이블의 덤프 데이터 `admins`
--


-- --------------------------------------------------------

--
-- 테이블 구조 `cart`
--


--
-- 테이블의 덤프 데이터 `cart`
--


-- --------------------------------------------------------

--
-- 테이블 구조 `category`
--

--
-- 테이블 구조 `coupons`
--


--
-- 테이블의 덤프 데이터 `coupons`
--


-- --------------------------------------------------------

--
-- 테이블 구조 `courses`
--

CREATE TABLE `courses` (
  `cid` int(11) NOT NULL,
  `cate` varchar(100) NOT NULL,
  `name` varchar(100) DEFAULT NULL,
  `price_status` varchar(11) NOT NULL,
  `price` int(11) DEFAULT NULL,
  `level` varchar(11) NOT NULL,
  `due_status` varchar(4) NOT NULL,
  `due` varchar(11) NOT NULL,
  `act` varchar(11) NOT NULL,
  `content` text NOT NULL,
  `thumbnail` varchar(100) NOT NULL
) ENGINE=InnoDB DEFAULT CHARSET=utf8mb4 COLLATE=utf8mb4_general_ci;

--
-- 테이블의 덤프 데이터 `courses`
--

INSERT INTO `courses` (`cid`, `cate`, `name`, `price_status`, `price`, `level`, `due_status`, `due`, `act`, `content`, `thumbnail`) VALUES
(9, '웹/html/css', '아무개', '0', 0, '중급', '0', '0', '0', '', '/helloworld/img/class/20240429101058660773.png'),
(10, '웹/html/css', '아무개', '0', 0, '중급', '0', '0', '활성', '', '/helloworld/img/class/20240429101058660773.png'),
(11, '웹/html/css', '아무개', '무료', 0, '중급', '무제한', '무제한', '비활성', '', '/helloworld/img/class/20240429101058660773.png'),
(21, '웹/html/css', '아무개', '유료', 0, '중급', '무제한', '무제한', '비활성', '', '/helloworld/img/class/20240429103806137610.png'),
(22, '웹/html/css', 'ㄴㅁㅇㄹㄴㅇㅁㄹ', '유료', 100000, '중급', '제한', '9개월', '활성', '', '/helloworld/img/class/20240429104229164908.png'),
(25, '웹/html/css', '테스트12', '유료', 100000, '중급', '제한', '9개월', '활성', '', '/helloworld/img/class/20240429104734675785.png'),
(26, '웹/html/css', 'ㅇㄴㅁㄻㄴㅇ', '유료', 0, '중급', '제한', '6개월', '활성', '', '/helloworld/img/class/20240429104759979077.png'),
(37, '웹/html/css', 'sdff', '무료', 100000, '중급', '무제한', '6개월', '활성', '', '/helloworld/img/class/20240430042751442016.jpg'),
(38, '웹/html/css', 'sdggds', '무료', 0, '초급', '무제한', '무제한', '활성', '', '/helloworld/img/class/20240430043206434713.png'),
(39, '프로그래밍', '파이썬 입문', '유료', 20000, '초급', '무제한', '무제한', '활성', '파이썬 프로그래밍 언어의 기초를 배웁니다. 변수, 조건문, 반복문 등의 기본 문법을 익힙니다.', '/helloworld/img/class/20240430043206434713.png'),
(40, '디자인', '포토샵 마스터', '유료', 35000, '중급', '무제한', '무제한', '활성', '포토샵 도구 및 기능을 활용하여 이미지 편집 및 디자인 기술을 익힙니다.', '/helloworld/img/class/20240430043206434714.png'),
(41, '비즈니스', '마케팅 전략', '유료', 45000, '중급', '무제한', '무제한', '활성', '시장 분석, 타겟팅, 브랜딩 등 성공적인 마케팅 전략을 수립하는 방법을 배웁니다.', '/helloworld/img/class/20240430043206434715.png'),
(42, '언어', '영어회화 집중과정', '유료', 60000, '초급', '무제한', '무제한', '활성', '실용적인 영어 회화 능력을 기르기 위한 강의입니다. 다양한 상황에 맞는 표현을 익힙니다.', '/helloworld/img/class/20240430043206434716.png'),
(43, '프로그래밍', '자바스크립트 프로젝트', '유료', 75000, '중상급', '무제한', '무제한', '활성', '실제 웹 애플리케이션 개발 프로젝트를 통해 자바스크립트 실력을 향상시킵니다.', '/helloworld/img/class/20240430043206434717.png'),
(44, '건강', '요가 기초', '유료', 15000, '초급', '무제한', '무제한', '활성', '요가 자세와 호흡법을 익혀 몸과 마음의 균형을 잡습니다. 초보자 대상 강의입니다.', '/helloworld/img/class/20240430043206434718.png'),
(45, '취미', '수제 비누 만들기', '유료', 30000, '초급', '무제한', '무제한', '활성', '천연 재료로 수제 비누를 직접 만들어보는 강의입니다. 창의력과 기술을 기를 수 있습니다.', '/helloworld/img/class/20240430043206434719.png'),
(46, '프로그래밍', '리액트 프로젝트', '유료', 90000, '중상급', '무제한', '무제한', '활성', '실전 프로젝트를 통해 리액트 라이브러리를 활용한 웹 개발 기술을 익힙니다.', '/helloworld/img/class/20240430043206434720.png'),
(47, '디자인', '일러스트레이터 기초', '유료', 25000, '초급', '무제한', '무제한', '활성', '일러스트레이터 도구와 기능을 익혀 벡터 그래픽 디자인 능력을 기릅니다.', '/helloworld/img/class/20240430043206434721.png'),
(48, '비즈니스', '프로젝트 관리', '유료', 55000, '중급', '무제한', '무제한', '활성', '프로젝트 계획, 실행, 모니터링, 마무리 등 전체 프로세스를 효과적으로 관리하는 방법을 배웁니다.', '/helloworld/img/class/20240430043206434722.png'),
(49, '언어', '중국어 회화', '유료', 40000, '초급', '무제한', '무제한', '활성', '일상 생활에서 사용되는 중국어 회화 표현을 익혀 의사소통 능력을 기릅니다.', '/helloworld/img/class/20240430043206434723.png'),
(50, '프로그래밍', '자바 입문', '유료', 65000, '초급', '무제한', '무제한', '활성', '자바 프로그래밍 언어의 기초 문법과 객체 지향 프로그래밍 개념을 익힙니다.', '/helloworld/img/class/20240430043206434724.png'),
(51, '프로그래밍', '파이썬 입문', '유료', 20000, '초급', '무제한', '무제한', '활성', '파이썬 프로그래밍 언어의 기초를 배웁니다. 변수, 조건문, 반복문 등의 기본 문법을 익힙니다.', '/helloworld/img/class/20240430043206434713.png'),
(52, '디자인', '포토샵 마스터', '유료', 35000, '중급', '무제한', '무제한', '활성', '포토샵 도구 및 기능을 활용하여 이미지 편집 및 디자인 기술을 익힙니다.', '/helloworld/img/class/20240430043206434714.png'),
(53, '비즈니스', '마케팅 전략', '유료', 45000, '중급', '무제한', '무제한', '활성', '시장 분석, 타겟팅, 브랜딩 등 성공적인 마케팅 전략을 수립하는 방법을 배웁니다.', '/helloworld/img/class/20240430043206434715.png'),
(54, '언어', '영어회화 집중과정', '유료', 60000, '초급', '무제한', '무제한', '활성', '실용적인 영어 회화 능력을 기르기 위한 강의입니다. 다양한 상황에 맞는 표현을 익힙니다.', '/helloworld/img/class/20240430043206434716.png'),
(55, '프로그래밍', '자바스크립트 프로젝트', '유료', 75000, '중상급', '무제한', '무제한', '활성', '실제 웹 애플리케이션 개발 프로젝트를 통해 자바스크립트 실력을 향상시킵니다.', '/helloworld/img/class/20240430043206434717.png'),
(56, '건강', '요가 기초', '유료', 15000, '초급', '무제한', '무제한', '활성', '요가 자세와 호흡법을 익혀 몸과 마음의 균형을 잡습니다. 초보자 대상 강의입니다.', '/helloworld/img/class/20240430043206434718.png'),
(57, '취미', '수제 비누 만들기', '유료', 30000, '초급', '무제한', '무제한', '활성', '천연 재료로 수제 비누를 직접 만들어보는 강의입니다. 창의력과 기술을 기를 수 있습니다.', '/helloworld/img/class/20240430043206434719.png'),
(58, '프로그래밍', '리액트 프로젝트', '유료', 90000, '중상급', '무제한', '무제한', '활성', '실전 프로젝트를 통해 리액트 라이브러리를 활용한 웹 개발 기술을 익힙니다.', '/helloworld/img/class/20240430043206434720.png'),
(59, '디자인', '일러스트레이터 기초', '유료', 25000, '초급', '무제한', '무제한', '활성', '일러스트레이터 도구와 기능을 익혀 벡터 그래픽 디자인 능력을 기릅니다.', '/helloworld/img/class/20240430043206434721.png'),
(60, '비즈니스', '프로젝트 관리', '유료', 55000, '중급', '무제한', '무제한', '활성', '프로젝트 계획, 실행, 모니터링, 마무리 등 전체 프로세스를 효과적으로 관리하는 방법을 배웁니다.', '/helloworld/img/class/20240430043206434722.png'),
(61, '언어', '중국어 회화', '유료', 40000, '초급', '무제한', '무제한', '활성', '일상 생활에서 사용되는 중국어 회화 표현을 익혀 의사소통 능력을 기릅니다.', '/helloworld/img/class/20240430043206434723.png'),
(62, '프로그래밍', '자바 입문', '유료', 65000, '초급', '무제한', '무제한', '활성', '자바 프로그래밍 언어의 기초 문법과 객체 지향 프로그래밍 개념을 익힙니다.', '/helloworld/img/class/20240430043206434724.png');

-- --------------------------------------------------------

--
-- 테이블 구조 `lecture`
--

CREATE TABLE `lecture` (
  `cid` int(11) NOT NULL,
  `l_idx` int(11) NOT NULL,
  `youtube_thumb` varchar(100) NOT NULL,
  `youtube_name` varchar(100) NOT NULL,
  `youtube_url` varchar(100) NOT NULL
) ENGINE=InnoDB DEFAULT CHARSET=utf8mb4 COLLATE=utf8mb4_general_ci;

--
-- 테이블의 덤프 데이터 `lecture`
--

INSERT INTO `lecture` (`cid`, `l_idx`, `youtube_thumb`, `youtube_name`, `youtube_url`) VALUES
(37, 0, '/helloworld/img/class/20240430042751142068.JPG', '', ''),
(38, 0, '/helloworld/img/class/20240430043206981262.JPG', '', '');

-- --------------------------------------------------------

--
-- 테이블 구조 `members`
--


--
-- 테이블의 덤프 데이터 `members`
--

INSERT INTO `members` (`mid`, `userid`, `email`, `username`, `passwd`, `recent_in`, `tel`, `status`, `regdate`) VALUES
(4, 'ping', 'ping@ping.com', 'ping', '7495720716f1e3f8366ffd81b6dafd7352a2d644f1271471e0af18f9527a921867b9efaf88331c2c11c7c16a34072def49678165dc331a1f80bbfa851b40e1ed', '2024-04-12 15:11:17', '010-1111-1111', 0, '2024-04-17 12:18:06'),
(5, 'green', 'd', '홍길동', '33275a8aa48ea918bd53a9181aa975f15ab0d0645398f5918a006d08675c1cb27d5c645dbd084eee56e675e25ba4019f2ecea37ca9e2995b49fcb12c096a032e', '2024-04-10 15:11:34', '010-2222-2222', 1, '2024-04-24 14:45:37'),
(6, 'john_doe', 'john@example.com', 'JohnDoe', NULL, '2024-04-29 10:15:32', '555-1234', 1, '2024-03-15 08:22:10'),
(7, 'jane_smith', 'janesmith@gmail.com', 'JaneSmith92', NULL, '2024-04-28 18:40:21', '555-5678', 0, '2024-02-03 14:17:54'),
(8, 'alex_wilson', 'alex.wilson@company.com', 'AlexWilson', NULL, '2024-04-27 22:11:05', '555-9012', 1, '2024-01-10 11:32:28'),
(9, 'sarah_lee', 'sarahlee@hotmail.com', 'SarahLee88', NULL, '2024-04-30 09:37:49', '555-3456', 0, '2023-12-22 16:08:41'),
(10, 'michael_brown', 'mbrown@gmail.com', 'MichaelB', NULL, '2024-04-25 15:22:17', '555-7890', 1, '2023-11-05 10:45:32'),
(11, 'emily_davis', 'emily.davis@example.net', 'EmilyD', NULL, '2024-04-28 20:49:38', '555-2345', 0, '2023-10-18 07:19:08'),
(12, 'david_miller', 'david@company.com', 'DavidMiller', NULL, '2024-04-27 13:16:24', '555-6789', 1, '2023-09-27 13:42:51'),
(13, 'jessica_wilson', 'jessica.wilson@gmail.com', 'JessWilson', NULL, '2024-04-29 17:31:09', '555-0123', 0, '2023-08-14 09:17:26'),
(14, 'robert_lee', 'rlee@hotmail.com', 'RobertLee', NULL, '2024-04-26 08:45:37', '555-4567', 1, '2023-07-22 15:34:49'),
(15, 'amanda_taylor', 'amandataylor@example.com', 'AmandaT', NULL, '2024-04-28 11:19:52', '555-8901', 0, '2023-06-05 11:58:23'),
(16, 'kevin_martin', 'kevin@company.net', 'KevinMartin', NULL, '2024-04-30 06:32:17', '555-2345', 1, '2023-05-17 20:12:38'),
(17, 'sophia_chen', 'sophiachen@gmail.com', 'SophiaChen', NULL, '2024-04-27 14:48:29', '555-6789', 1, '2023-04-28 14:27:51'),
(18, 'william_garcia', 'william.garcia@hotmail.com', 'WillGarcia', NULL, '2024-04-29 21:06:41', '555-0123', 1, '2023-03-09 09:39:16'),
(19, 'olivia_rodriguez', 'olivia@example.com', 'OliviaRod', NULL, '2024-04-26 17:24:53', '555-4567', 0, '2023-02-18 16:51:27'),
(20, 'daniel_martinez', 'daniel.martinez@company.com', 'DanielM', NULL, '2024-04-28 09:38:15', '555-8901', 1, '2023-01-30 11:14:42'),
(21, 'isabella_hernandez', 'isabella@gmail.com', 'IsabellaH', NULL, '2024-04-30 03:51:27', '555-2345', 0, '2022-12-11 07:29:57'),
(22, 'matthew_gonzalez', 'matthewg@hotmail.com', 'MatthewG', NULL, '2024-04-27 19:14:39', '555-6789', 1, '2022-11-22 14:46:12'),
(23, 'ava_perez', 'ava.perez@example.net', 'AvaPez', NULL, '2024-04-29 12:27:51', '555-0123', 0, '2022-10-03 09:03:29'),
(24, 'jacob_sanchez', 'jacob@company.com', 'JacobSanchez', NULL, '2024-04-26 05:39:14', '555-4567', 1, '2022-09-15 15:17:44'),
(25, 'junb', 'junb@gmail.com', '바오밥', NULL, '2024-04-28 14:33:20', '010-1234-5678', 1, '2024-04-02 14:33:20'),
(26, 'sarahj', 'sarah.jones@example.com', 'SarahJones', NULL, '2024-04-30 09:17:43', '555-0192', 0, '2023-11-21 16:28:15'),
(27, 'alexr', 'alex@mycompany.org', 'AlexRyan', NULL, '2024-04-29 18:34:57', '555-2468', 1, '2023-08-05 10:42:39'),
(28, 'jdavis', 'john.davis@gmail.com', 'JohnnyD', NULL, '2024-04-27 22:11:19', '555-8024', 0, '2023-06-14 06:17:28'),
(29, 'mariab', 'maria.brown@hotmail.com', 'MariaB', NULL, '2024-04-26 14:49:34', '555-5512', 1, '2023-03-27 13:35:07'),
(30, 'tomh', 'tom@example.net', 'TomHanks', NULL, '2024-04-28 07:23:48', '555-7824', 0, '2022-12-08 09:51:42'),
(31, 'kchang', 'kevin.chang@company.com', 'KevinChang', NULL, '2024-04-25 15:38:12', '555-1936', 1, '2022-09-19 17:14:27'),
(32, 'lrodriguez', 'laura@gmail.com', 'LauRod', NULL, '2024-04-30 11:52:26', '555-4072', 0, '2022-07-03 21:29:39'),
(33, 'stevew', 'steve.wilson@mycompany.org', 'SteveWilson', NULL, '2024-04-27 19:13:40', '555-6184', 1, '2022-04-16 13:46:52'),
(34, 'agarcia', 'amy.garcia@hotmail.com', 'AmyGarcia', NULL, '2024-04-29 06:27:53', '555-8296', 0, '2022-02-25 08:03:17'),
(35, 'bobsmith', 'bob@example.com', 'BobbySmith', NULL, '2024-04-26 13:39:07', '555-0408', 1, '2021-12-09 15:19:34'),
(36, 'jlee', 'jessica.lee@company.net', 'JessLee', NULL, '2024-04-28 21:54:21', '555-2520', 0, '2021-09-22 11:41:49'),
(37, 'davidp', 'david@gmail.com', 'DavidPark', NULL, '2024-04-25 09:08:35', '555-4632', 1, '2021-07-05 17:56:13'),
(38, 'michelleb', 'michelle.brown@example.org', 'MichelleBrown', NULL, '2024-04-30 16:21:48', '555-6744', 0, '2021-04-17 21:12:26'),
(39, 'markj', 'mark.johnson@hotmail.com', 'MarkJohnson', NULL, '2024-04-27 03:35:02', '555-8856', 1, '2021-02-28 14:29:39'),
(40, 'annak', 'anna@company.com', 'AnnaKim', NULL, '2024-04-28 10:47:16', '555-0968', 0, '2020-12-11 09:46:52'),
(41, 'josephp', 'joseph.park@gmail.net', 'JosephPark', NULL, '2024-04-29 18:01:29', '555-3080', 1, '2020-10-23 16:03:08'),
(42, 'karenm', 'karen@example.org', 'KarenMiller', NULL, '2024-04-26 06:14:43', '555-5192', 0, '2020-09-06 10:19:21'),
(43, 'ryanj', 'ryan.jones@mycompany.com', 'RyanJones', NULL, '2024-04-30 13:28:57', '555-7304', 1, '2020-07-18 14:35:37'),
(44, 'amyl', 'amy.lewis@hotmail.com', 'AmyLewis', NULL, '2024-04-27 21:41:11', '555-9416', 0, '2020-05-29 08:51:44'),
(45, 'junb', 'junb@gmail.com', '바오밥', '2y$10$92IXUNpkjO0rOQ5byMi.Ye4oKoEa3Ro9llC/.og/at2.uheWG/igi', '2024-04-28 14:33:20', '010-1234-5678', 1, '2024-04-02 14:33:20'),
(46, 'sarahj', 'sarah.jones@example.com', 'SarahJones', '$2a$12$WzUFbjmTfqp7W9uEUOHxcuwhp5FNReIrz9eDdsltYhTZgMgTrYfAa', '2024-04-30 09:17:43', '555-0192', 0, '2023-11-21 16:28:15'),
(47, 'alexr', 'alex@mycompany.org', 'AlexRyan', '$2y$10$EXAMPLEORsVdbmNHtEnSgeYb4B8kTIOzGKpviys.sJDB6Yh56EHQG', '2024-04-29 18:34:57', '555-2468', 1, '2023-08-05 10:42:39'),
(48, 'jdavis', 'john.davis@gmail.com', 'JohnnyD', '$2a$12$wzEl2xmfcgMsYsVvHxznCu8b7OSm0srhTyLtvklchTDTaV8AHHCXK', '2024-04-27 22:11:19', '555-8024', 0, '2023-06-14 06:17:28'),
(49, 'mariab', 'maria.brown@hotmail.com', 'MariaB', '$2y$10$EXAMPLEkZcYvZILiMy5ye0LEVhZD5BplnfQR0Rz8e5BHwsnobx7Z6', '2024-04-26 14:49:34', '555-5512', 1, '2023-03-27 13:35:07'),
(50, 'tomh', 'tom@example.net', 'TomHanks', '$2a$12$EXAMPLEJFlTdp9B/G9a4FOtStGGwuoG4ZXKumcsAVuy0YFEpyMKQe', '2024-04-28 07:23:48', '555-7824', 0, '2022-12-08 09:51:42'),
(51, 'kchang', 'kevin.chang@company.com', 'KevinChang', '$2y$10$EXAMPLEKvG4X4PH51OdSBOF7FsKckYGOiLsxz.rRbXIKtWlcGzKSe', '2024-04-25 15:38:12', '555-1936', 1, '2022-09-19 17:14:27'),
(52, 'lrodriguez', 'laura@gmail.com', 'LauRod', '$2a$12$EXAMPLEcxfklsWYUFn/UM.6hk0SkTLnDBXuQHF0bfLOP0HaSBdyHC', '2024-04-30 11:52:26', '555-4072', 0, '2022-07-03 21:29:39'),
(53, 'stevew', 'steve.wilson@mycompany.org', 'SteveWilson', '$2y$10$EXAMPLEDIEYr7l.V7lIq3.EQqksrJkkhfsG0RnJYxzCdOSd2BKHf2', '2024-04-27 19:13:40', '555-6184', 1, '2022-04-16 13:46:52'),
(54, 'agarcia', 'amy.garcia@hotmail.com', 'AmyGarcia', '$2a$12$EXAMPLEwDVcFAk9RwW8hV.XTg6EhP8Qmn4vQz2qUtO2D6IqvXzYqu', '2024-04-29 06:27:53', '555-8296', 0, '2022-02-25 08:03:17'),
(55, 'bobsmith', 'bob@example.com', 'BobbySmith', '$2y$10$EXAMPLEsAOlTdNDvKJqMbusGfLjnxM6q1UwHTDwcAPFMjsJi46GDu', '2024-04-26 13:39:07', '555-0408', 1, '2021-12-09 15:19:34'),
(56, 'jlee', 'jessica.lee@company.net', 'JessLee', '$2a$12$EXAMPLEtMwxFTybjcKNMxudcudBbOsXsIqzpg/9OgFyLdJuCWwaDO', '2024-04-28 21:54:21', '555-2520', 0, '2021-09-22 11:41:49'),
(57, 'davidp', 'david@gmail.com', 'DavidPark', '$2y$10$EXAMPLEeLNPjPcf9/R/F1.2Z2E/uDOWzMN6xOlxb4BCjpq8EJWcaG', '2024-04-25 09:08:35', '555-4632', 1, '2021-07-05 17:56:13');

-- --------------------------------------------------------

--
-- 테이블 구조 `notice`
--

CREATE TABLE `notice` (
  `nid` int(11) NOT NULL,
  `title` varchar(30) NOT NULL,
  `contents` varchar(100) NOT NULL,
  `file` varchar(100) NOT NULL,
  `regdate` datetime DEFAULT NULL
) ENGINE=InnoDB DEFAULT CHARSET=utf8mb4 COLLATE=utf8mb4_general_ci;

--
-- 테이블의 덤프 데이터 `notice`
--

INSERT INTO `notice` (`nid`, `title`, `contents`, `file`, `regdate`) VALUES
(1, '긴급공지입니다.', '내용은 이러이러합니다.', 'ㅁㄴㅇㄹ', '2024-04-30 12:19:41'),
(32, '긴급공지입니다.', '내용은 이러이러합니다.', 'ㅁㄴㅇㄹ', '2024-04-30 12:19:41'),
(33, '긴급공지입니다.', '내용은 이러이러합니다.', 'ㅁㄴㅇㄹ', '2024-04-30 12:19:41'),
(34, '긴급공지입니다.', '내용은 이러이러합니다.', 'ㅁㄴㅇㄹ', '2024-04-30 12:19:41'),
(35, '긴급공지입니다.', '내용은 이러이러합니다.', 'ㅁㄴㅇㄹ', '2024-04-30 12:19:41'),
(36, '긴급공지입니다.', '내용은 이러이러합니다.', 'ㅁㄴㅇㄹ', '2024-04-30 12:19:41'),
(37, '긴급공지입니다.', '내용은 이러이러합니다.', 'ㅁㄴㅇㄹ', '2024-04-30 12:19:41'),
(38, '긴급공지입니다.', '내용은 이러이러합니다.', 'ㅁㄴㅇㄹ', '2024-04-30 12:19:41'),
(39, '긴급공지입니다.', '내용은 이러이러합니다.', 'ㅁㄴㅇㄹ', '2024-04-30 12:19:41'),
(40, '긴급공지입니다.', '내용은 이러이러합니다.', 'ㅁㄴㅇㄹ', '2024-04-30 12:19:41'),
(41, '긴급공지입니다.', '내용은 이러이러합니다.', 'ㅁㄴㅇㄹ', '2024-04-30 12:19:41'),
(42, '긴급공지입니다.', '내용은 이러이러합니다.', 'ㅁㄴㅇㄹ', '2024-04-30 12:19:41'),
(43, '긴급공지입니다.', '내용은 이러이러합니다.', 'ㅁㄴㅇㄹ', '2024-04-30 12:19:41'),
(44, '긴급공지입니다.', '내용은 이러이러합니다.', 'ㅁㄴㅇㄹ', '2024-04-30 12:19:41'),
(45, '긴급공지입니다.', '내용은 이러이러합니다.', 'ㅁㄴㅇㄹ', '2024-04-30 12:19:41'),
(46, '긴급공지입니다.', '내용은 이러이러합니다.', 'ㅁㄴㅇㄹ', '2024-04-30 12:19:41'),
(47, '긴급공지입니다.', '내용은 이러이러합니다.', 'ㅁㄴㅇㄹ', '2024-04-30 12:19:41'),
(48, '긴급공지입니다.', '내용은 이러이러합니다.', 'ㅁㄴㅇㄹ', '2024-04-30 12:19:41'),
(49, '긴급공지입니다.', '내용은 이러이러합니다.', 'ㅁㄴㅇㄹ', '2024-04-30 12:19:41'),
(50, '긴급공지입니다.', '내용은 이러이러합니다.', 'ㅁㄴㅇㄹ', '2024-04-30 12:19:41'),
(51, '긴급공지입니다.', '내용은 이러이러합니다.', 'ㅁㄴㅇㄹ', '2024-04-30 12:19:41'),
(52, '긴급공지입니다.', '내용은 이러이러합니다.', 'ㅁㄴㅇㄹ', '2024-04-30 12:19:41'),
(53, '긴급공지입니다.', '내용은 이러이러합니다.', 'ㅁㄴㅇㄹ', '2024-04-30 12:19:41'),
(54, '긴급공지입니다.', '내용은 이러이러합니다.', 'ㅁㄴㅇㄹ', '2024-04-30 12:19:41'),
(55, '긴급공지입니다.', '내용은 이러이러합니다.', 'ㅁㄴㅇㄹ', '2024-04-30 12:19:41'),
(56, '긴급공지입니다.', '내용은 이러이러합니다.', 'ㅁㄴㅇㄹ', '2024-04-30 12:19:41'),
(57, '긴급공지입니다.', '내용은 이러이러합니다.', 'ㅁㄴㅇㄹ', '2024-04-30 12:19:41'),
(58, '긴급공지입니다.', '내용은 이러이러합니다.', 'ㅁㄴㅇㄹ', '2024-04-30 12:19:41'),
(59, '긴급공지입니다.', '내용은 이러이러합니다.', 'ㅁㄴㅇㄹ', '2024-04-30 12:19:41'),
(60, '긴급공지입니다.', '내용은 이러이러합니다.', 'ㅁㄴㅇㄹ', '2024-04-30 12:19:41'),
(61, '긴급공지입니다.', '내용은 이러이러합니다.', 'ㅁㄴㅇㄹ', '2024-04-30 12:19:41'),
(62, '긴급공지입니다.', '내용은 이러이러합니다.', 'ㅁㄴㅇㄹ', '2024-04-30 12:19:41'),
(63, '긴급공지입니다.', '내용은 이러이러합니다.', 'ㅁㄴㅇㄹ', '2024-04-30 12:19:41'),
(64, '긴급공지입니다.', '내용은 이러이러합니다.', 'ㅁㄴㅇㄹ', '2024-04-30 12:19:41'),
(65, '긴급공지입니다.', '내용은 이러이러합니다.', 'ㅁㄴㅇㄹ', '2024-04-30 12:19:41'),
(66, '긴급공지입니다.', '내용은 이러이러합니다.', 'ㅁㄴㅇㄹ', '2024-04-30 12:19:41'),
(67, '긴급공지입니다.', '내용은 이러이러합니다.', 'ㅁㄴㅇㄹ', '2024-04-30 12:19:41');

-- --------------------------------------------------------

--
-- 테이블 구조 `ordered_courses`
--

CREATE TABLE `ordered_courses` (
  `ocid` int(11) NOT NULL,
  `course_id` int(11) NOT NULL,
  `member_id` int(11) NOT NULL,
  `progress` float NOT NULL,
  `satisfaction` int(1) DEFAULT NULL,
  `regdate` date DEFAULT NULL
) ENGINE=InnoDB DEFAULT CHARSET=utf8mb4 COLLATE=utf8mb4_general_ci;

--
-- 테이블의 덤프 데이터 `ordered_courses`
--

INSERT INTO `ordered_courses` (`ocid`, `course_id`, `member_id`, `progress`, `satisfaction`, `regdate`) VALUES
(1, 9, 4, 0, 5, '2024-04-30'),
(3, 10, 4, 0, 4, '2024-04-10'),
(5, 11, 4, 0, 5, '2024-04-15'),
(7, 9, 5, 0, 4, '2024-04-15'),
(9, 11, 5, 0, 3, '2024-04-10'),
(11, 21, 5, 0, 5, '2024-04-02'),
(12, 22, 42, 0, 4, '2024-03-15'),
(13, 25, 17, 0, 5, '2024-04-02'),
(14, 37, 29, 0, 4, '2024-05-21'),
(15, 39, 8, 0, 5, '2024-03-27'),
(16, 40, 51, 0, 4, '2024-04-11'),
(17, 41, 23, 0, 5, '2024-05-06'),
(18, 42, 36, 0, 4, '2024-03-09'),
(19, 43, 50, 0, 5, '2024-04-19'),
(20, 44, 11, 0, 4, '2024-05-28'),
(21, 45, 49, 0, 5, '2024-03-03'),
(22, 46, 27, 0, 4, '2024-04-26'),
(23, 47, 38, 0, 5, '2024-05-13'),
(24, 48, 55, 0, 4, '2024-03-20'),
(25, 49, 3, 0, 5, '2024-04-07'),
(26, 50, 23, 0, 4, '2024-05-24'),
(27, 51, 21, 0, 5, '2024-03-11'),
(28, 52, 46, 0, 4, '2024-04-30'),
(29, 53, 59, 0, 5, '2024-05-17'),
(30, 54, 33, 0, 4, '2024-03-25'),
(31, 25, 12, 0, 5, '2024-04-15'),
(32, 37, 33, 0, 4, '2024-05-01'),
(33, 22, 29, 0, 5, '2024-03-06'),
(34, 25, 39, 0, 4, '2024-04-23'),
(35, 37, 15, 0, 5, '2024-05-09'),
(36, 22, 47, 0, 4, '2024-03-18'),
(37, 25, 5, 0, 5, '2024-04-03'),
(38, 37, 31, 0, 4, '2024-05-20'),
(39, 22, 57, 0, 5, '2024-03-28'),
(40, 25, 20, 0, 4, '2024-04-13'),
(41, 37, 45, 0, 5, '2024-05-29'),
(42, 22, 17, 0, 4, '2024-03-12'),
(43, 25, 31, 0, 5, '2024-04-08'),
(44, 37, 43, 0, 4, '2024-05-19'),
(45, 22, 6, 0, 5, '2024-03-25'),
(46, 25, 20, 0, 4, '2024-04-03'),
(47, 37, 35, 0, 5, '2024-05-14'),
(48, 22, 49, 0, 4, '2024-03-07'),
(49, 25, 12, 0, 5, '2024-04-21'),
(50, 37, 27, 0, 4, '2024-05-02'),
(51, 22, 41, 0, 5, '2024-03-18'),
(52, 25, 54, 0, 4, '2024-04-10'),
(53, 37, 8, 0, 5, '2024-05-27'),
(54, 22, 24, 0, 4, '2024-03-30'),
(55, 25, 39, 0, 5, '2024-04-15'),
(56, 37, 51, 0, 4, '2024-05-06'),
(57, 22, 13, 0, 5, '2024-03-22'),
(58, 25, 28, 0, 4, '2024-04-29'),
(59, 37, 42, 0, 5, '2024-05-11'),
(60, 22, 55, 0, 4, '2024-03-05'),
(61, 25, 7, 0, 5, '2024-04-24'),
(62, 37, 21, 0, 4, '2024-05-16'),
(63, 22, 36, 0, 5, '2024-03-13'),
(64, 25, 50, 0, 4, '2024-04-01'),
(65, 37, 14, 0, 5, '2024-05-22'),
(66, 22, 29, 0, 4, '2024-03-26'),
(67, 25, 44, 0, 5, '2024-04-17'),
(68, 37, 9, 0, 4, '2024-05-07'),
(69, 22, 23, 0, 5, '2024-03-09'),
(70, 25, 38, 0, 4, '2024-04-26'),
(71, 37, 53, 0, 5, '2024-05-20');

-- --------------------------------------------------------

--
-- 테이블 구조 `orders`
--
-- --------------------------------------------------------

--
-- 테이블 구조 `products`
--


--
-- 테이블 구조 `user_coupons`
--

--
-- 테이블의 덤프 데이터 `user_coupons`
--

INSERT INTO `user_coupons` (`ucid`, `couponid`, `userid`, `status`, `use_max_date`, `regdate`, `reason`) VALUES
(1, 1, 'kdj', 1, '2024-05-17 23:59:59', '2024-04-17 12:00:10', '회원가입'),
(2, 1, 'ping', 1, '2024-05-17 23:59:59', '2024-04-17 12:18:06', '회원가입'),
(3, 1, 'green', -1, '2024-05-24 23:59:59', '2024-04-24 14:45:37', '회원가입'),
(4, 2, 'ping', 1, '2024-05-24 11:37:08', '2024-04-08 14:59:07', '보너스'),
(5, 2, 'ping', 1, '2024-05-24 11:37:08', '2024-04-08 14:59:07', '보너스2');

--
-- 덤프된 테이블의 인덱스
--

--
-- 테이블의 인덱스 `admins`
--


--
-- 테이블의 인덱스 `cart`
--

--
-- 테이블의 인덱스 `category`
--
--
-- 테이블의 인덱스 `coupons`
--
--
-- 테이블의 인덱스 `courses`
--
ALTER TABLE `courses`
  ADD PRIMARY KEY (`cid`);

--
-- 테이블의 인덱스 `lecture`
--
ALTER TABLE `lecture`
  ADD PRIMARY KEY (`cid`);

--
-- 테이블의 인덱스 `members`
--

--
-- 테이블의 인덱스 `notice`
--
ALTER TABLE `notice`
  ADD PRIMARY KEY (`nid`);

--
-- 테이블의 인덱스 `ordered_courses`
--
ALTER TABLE `ordered_courses`
  ADD PRIMARY KEY (`ocid`);

--
-- 테이블의 인덱스 `orders`
--

--
-- 테이블의 인덱스 `user_coupons`
--

--
-- 테이블의 AUTO_INCREMENT `courses`
--
ALTER TABLE `courses`
  MODIFY `cid` int(11) NOT NULL AUTO_INCREMENT, AUTO_INCREMENT=63;

--
-- 테이블의 AUTO_INCREMENT `lecture`
--
ALTER TABLE `lecture`
  MODIFY `cid` int(11) NOT NULL AUTO_INCREMENT, AUTO_INCREMENT=39;

--
-- 테이블의 AUTO_INCREMENT `members`
--
--
-- 테이블의 AUTO_INCREMENT `notice`
--
ALTER TABLE `notice`
  MODIFY `nid` int(11) NOT NULL AUTO_INCREMENT, AUTO_INCREMENT=68;

--
-- 테이블의 AUTO_INCREMENT `ordered_courses`
--
ALTER TABLE `ordered_courses`
  MODIFY `ocid` int(11) NOT NULL AUTO_INCREMENT, AUTO_INCREMENT=72;

--
-- 테이블의 AUTO_INCREMENT `orders`
--
ALTER TABLE `user_coupons`
  MODIFY `ucid` int(11) NOT NULL AUTO_INCREMENT, AUTO_INCREMENT=6;
COMMIT;

/*!40101 SET CHARACTER_SET_CLIENT=@OLD_CHARACTER_SET_CLIENT */;
/*!40101 SET CHARACTER_SET_RESULTS=@OLD_CHARACTER_SET_RESULTS */;
/*!40101 SET COLLATION_CONNECTION=@OLD_COLLATION_CONNECTION */;
